season,week,game_id,ticker,bet,side,strike,period,stat,subject_name,price,cost,p_side,edge,tier,snapshot_utc
2026,4,401856814,KXNCAAF1QTOTAL-26SEP26KSUCIN-11,1st quarter total over 10.5,yes,10.5,Q1,total,,0.52,0.54,0.584339901783135,0.04433990178313496,light,2026-09-24 03:13:52.579551+00:00
2026,4,401856881,KXNCAAF1QTOTAL-26SEP26OKSTWVU-14,1st quarter total under 13.5,no,13.5,Q1,total,,0.53,0.55,0.5956158202824376,0.0456158202824376,light,2026-09-24 03:13:52.579551+00:00
2026,4,401864576,KXNCAAF1QTOTAL-26SEP26USAUK-14,1st quarter total under 13.5,no,13.5,Q1,total,,0.52,0.54,0.6338955521828733,0.09389555218287327,best,2026-09-24 03:13:52.579551+00:00
2026,4,401856805,KXNCAAF2QSPREAD-26SEP26SHSUTTU-TTU13,Texas Tech doesn't win 2nd quarter by 12.5+,no,12.5,Q2,margin,Texas Tech,0.51,0.53,0.611663691132179,0.08166369113217897,best,2026-09-24 03:13:52.579551+00:00
2026,4,401856805,KXNCAAF3QTOTAL-26SEP26SHSUTTU-14,3rd quarter total under 13.5,no,13.5,Q3,total,,0.53,0.55,0.6243917074946508,0.07439170749465074,best,2026-09-24 03:13:52.579551+00:00
2026,4,401856804,KXNCAAF1HSPREAD-26SEP26ARIZWSU-ARIZ7,Arizona doesn't win 1st half by 6.5+,no,6.5,1H,margin,Arizona,0.5,0.52,0.564011882097041,0.04401188209704099,light,2026-09-24 03:13:52.579551+00:00
2026,4,401856696,KXNCAAF3QTOTAL-26SEP26SCARALA-13,3rd quarter total under 12.5,no,12.5,Q3,total,,0.53,0.55,0.6280217672154758,0.07802176721547571,best,2026-09-24 03:13:52.579551+00:00
2026,4,401858470,KXNCAAF1HTOTAL-26SEP26MINNWASH-24,1st half total under 23.5,no,23.5,1H,total,,0.5,0.52,0.5805847868371297,0.060584786837129645,light,2026-09-24 03:13:52.579551+00:00
2026,4,401858238,KXNCAAF1HSPREAD-26SEP26CMUMIA-MIA25,Miami doesn't win 1st half by 24.5+,no,24.5,1H,margin,Miami,0.5,0.52,0.5900790882738254,0.07007908827382536,best,2026-09-24 03:13:52.579551+00:00
2026,4,401858465,KXNCAAF1HTOTAL-26SEP26ILLOSU-30,1st half total under 29.5,no,29.5,1H,total,,0.5,0.52,0.6045586964966428,0.08455869649664283,best,2026-09-24 03:13:52.579551+00:00
2026,4,401858462,KXNCAAF2QTOTAL-26SEP26UCLAMD-17,2nd quarter total under 16.5,no,16.5,Q2,total,,0.53,0.55,0.6116792977405068,0.06167929774050673,light,2026-09-24 03:13:52.579551+00:00
2026,4,401858461,KXNCAAF1HTOTAL-26SEP25NWIND-27,1st half total under 26.5,no,26.5,1H,total,,0.5,0.52,0.5903352532542882,0.07033525325428813,best,2026-09-24 03:13:52.579551+00:00
2026,4,401858465,KXNCAAF1QTOTAL-26SEP26ILLOSU-14,1st quarter total under 13.5,no,13.5,Q1,total,,0.51,0.53,0.5807717894341744,0.050771789434174375,light,2026-09-24 03:13:52.579551+00:00
2026,4,401856698,KXNCAAF2QTOTAL-26SEP26VANAUB-17,2nd quarter total under 16.5,no,16.5,Q2,total,,0.54,0.56,0.6170778596585815,0.057077859658581476,light,2026-09-24 03:13:52.579551+00:00
2026,4,401858466,KXNCAAF4QTOTAL-26SEP26WISPSU-11,4th quarter total over 10.5,yes,10.5,Q4,total,,0.52,0.54,0.5926473386905695,0.05264733869056948,light,2026-09-24 03:13:52.579551+00:00
2026,4,401856805,KXNCAAF1QSPREAD-26SEP26SHSUTTU-TTU8,Texas Tech wins 1st quarter by 7.5+,yes,7.5,Q1,margin,Texas Tech,0.5,0.52,0.6159385717337765,0.09593857173377651,best,2026-09-24 03:13:52.579551+00:00
2026,4,401858241,KXNCAAF1HTOTAL-26SEP26MOSUSMU-34,1st half total under 33.5,no,33.5,1H,total,,0.49,0.51,0.5716517825081399,0.06165178250813985,light,2026-09-24 03:13:52.579551+00:00
2026,4,401858239,KXNCAAF3QSPREAD-26SEP26DELUVA-UVA5,Virginia wins 3rd quarter by 4.5+,yes,4.5,Q3,margin,Virginia,0.49,0.51,0.5584092789090804,0.04840927890908042,light,2026-09-24 03:13:52.579551+00:00
2026,4,401864576,KXNCAAF3QSPREAD-26SEP26USAUK-UK5,Kentucky wins 3rd quarter by 4.5+,yes,4.5,Q3,margin,Kentucky,0.5,0.52,0.5813804751003312,0.06138047510033118,light,2026-09-24 03:13:52.579551+00:00
2026,4,401856814,KXNCAAF2QTOTAL-26SEP26KSUCIN-17,2nd quarter total under 16.5,no,16.5,Q2,total,,0.52,0.54,0.6038016501197303,0.06380165011973027,light,2026-09-24 03:13:52.579551+00:00
2026,4,401856702,KXNCAAF3QTOTAL-26SEP26TXAMLSU-11,3rd quarter total over 10.5,yes,10.5,Q3,total,,0.51,0.53,0.5788512623075204,0.04885126230752035,light,2026-09-24 03:13:52.579551+00:00
2026,4,401858467,KXNCAAF3QTOTAL-26SEP26NDPUR-14,3rd quarter total under 13.5,no,13.5,Q3,total,,0.51,0.53,0.5783770757744204,0.04837707577442041,light,2026-09-24 03:13:52.579551+00:00
2026,4,401856806,KXNCAAF2QSPREAD-26SEP26HOUGASO-HOU7,Houston doesn't win 2nd quarter by 6.5+,no,6.5,Q2,margin,Houston,0.5,0.52,0.5927179190706898,0.07271791907068981,best,2026-09-24 03:13:52.579551+00:00
2026,4,401856805,KXNCAAF1HSPREAD-26SEP26SHSUTTU-TTU21,Texas Tech doesn't win 1st half by 20.5+,no,20.5,1H,margin,Texas Tech,0.49,0.51,0.5584022355078297,0.04840223550782974,light,2026-09-24 03:13:52.579551+00:00
2026,4,401864576,KXNCAAF1QSPREAD-26SEP26USAUK-UK7,Kentucky doesn't win 1st quarter by 6.5+,no,6.5,Q1,margin,Kentucky,0.5,0.52,0.5618295812007362,0.04182958120073621,light,2026-09-24 03:13:52.579551+00:00
2026,4,401856805,KXNCAAF1HTOTAL-26SEP26SHSUTTU-31,1st half total under 30.5,no,30.5,1H,total,,0.49,0.51,0.6059049721610117,0.09590497216101168,best,2026-09-24 03:13:52.579551+00:00
2026,4,401858463,KXNCAAF2QTOTAL-26SEP26IOWAMICH-11,2nd quarter total over 10.5,yes,10.5,Q2,total,,0.51,0.53,0.5887882569282008,0.05878825692820078,light,2026-09-24 03:13:52.579551+00:00
2026,4,401860891,KXNCAAF1HSPREAD-26SEP26RICEFRES-FRES8,Fresno State wins 1st half by 7.5+,yes,7.5,1H,margin,Fresno State,0.48,0.5,0.5410230768900721,0.04102307689007212,light,2026-09-24 03:13:52.579551+00:00
2026,4,401856806,KXNCAAF1QTOTAL-26SEP26HOUGASO-14,1st quarter total under 13.5,no,13.5,Q1,total,,0.5,0.52,0.576125297766087,0.05612529776608699,light,2026-09-24 03:13:52.579551+00:00
2026,4,401864572,KXNCAAF3QTOTAL-26SEP26APPNCST-13,3rd quarter total under 12.5,no,12.5,Q3,total,,0.51,0.53,0.6044504763272738,0.07445047632727375,best,2026-09-24 03:13:52.579551+00:00
2026,4,401858464,KXNCAAF2QTOTAL-26SEP26NEBMSU-14,2nd quarter total under 13.5,no,13.5,Q2,total,,0.49,0.51,0.5561416151912615,0.046141615191261476,light,2026-09-24 03:13:52.579551+00:00
2026,4,401858239,KXNCAAF2QSPREAD-26SEP26DELUVA-UVA7,Virginia doesn't win 2nd quarter by 6.5+,no,6.5,Q2,margin,Virginia,0.48,0.5,0.5928350454800284,0.09283504548002841,best,2026-09-24 03:13:52.579551+00:00
2026,4,401864576,KXNCAAF2QSPREAD-26SEP26USAUK-UK7,Kentucky doesn't win 2nd quarter by 6.5+,no,6.5,Q2,margin,Kentucky,0.48,0.5,0.5408526665850174,0.040852666585017405,light,2026-09-24 03:13:52.579551+00:00
2026,4,401858242,KXNCAAF3QTOTAL-26SEP26VTBC-8,3rd quarter total over 7.5,yes,7.5,Q3,total,,0.55,0.5700000000000001,0.6723672181093874,0.10236721810938731,best,2026-09-24 03:13:52.579551+00:00
2026,4,401856806,KXNCAAF2QTOTAL-26SEP26HOUGASO-17,2nd quarter total under 16.5,no,16.5,Q2,total,,0.49,0.51,0.5560677458831502,0.04606774588315021,light,2026-09-24 03:13:52.579551+00:00
2026,4,401858238,KXNCAAF2HTOTAL-26SEP26CMUMIA-24,2nd half total under 23.5,no,23.5,2H,total,,0.49,0.51,0.558347080205009,0.048347080205008997,light,2026-09-24 03:13:52.579551+00:00
2026,4,401858234,KXNCAAF3QTOTAL-26SEP25CLEMCAL-11,3rd quarter total over 10.5,yes,10.5,Q3,total,,0.48,0.5,0.5721539193797298,0.07215391937972981,best,2026-09-24 03:13:52.579551+00:00
2026,4,401858238,KXNCAAF2HSPREAD-26SEP26CMUMIA-MIA18,Miami wins 2nd half by 17.5+,yes,17.5,2H,margin,Miami,0.48,0.5,0.5772388107570154,0.07723881075701544,best,2026-09-24 03:13:52.579551+00:00
2026,4,401858463,KXNCAAF3QTOTAL-26SEP26IOWAMICH-8,3rd quarter total over 7.5,yes,7.5,Q3,total,,0.45,0.47000000000000003,0.5287232179109548,0.05872321791095475,light,2026-09-24 03:13:52.579551+00:00
2026,4,401858467,KXNCAAF1QTOTAL-26SEP26NDPUR-14,1st quarter total under 13.5,no,13.5,Q1,total,,0.45,0.47000000000000003,0.5660476207048014,0.09604762070480138,best,2026-09-24 03:13:52.579551+00:00
2026,4,401856816,KXNCAAF3QTOTAL-26SEP26UTAHISU-8,3rd quarter total over 7.5,yes,7.5,Q3,total,,0.6,0.62,0.6709145140578096,0.05091451405780956,light,2026-09-24 03:13:52.579551+00:00
2026,4,401856804,KXNCAAF3QTOTAL-26SEP26ARIZWSU-8,3rd quarter total over 7.5,yes,7.5,Q3,total,,0.6,0.62,0.6715358524902795,0.05153585249027948,light,2026-09-24 03:13:52.579551+00:00
2026,4,401856700,KXNCAAF4QTOTAL-26SEP26OKLAUGA-8,4th quarter total over 7.5,yes,7.5,Q4,total,,0.64,0.66,0.7111964383463694,0.05119643834636933,light,2026-09-24 03:13:52.579551+00:00
2026,4,401856881,KXNCAAF1QSPREAD-26SEP26OKSTWVU-WVU3,West Virginia wins 1st quarter by 2.5+,yes,2.5,Q1,margin,West Virginia,0.38,0.4,0.4545981290889861,0.05459812908898609,light,2026-09-24 03:13:52.579551+00:00
2026,4,401858466,KXNCAAF4QSPREAD-26SEP26WISPSU-PSU7,Penn State doesn't win 4th quarter by 6.5+,no,6.5,Q4,margin,Penn State,0.72,0.74,0.7992004864545232,0.05920048645452325,light,2026-09-24 03:13:52.579551+00:00
2026,4,401856881,KXNCAAF4QSPREAD-26SEP26OKSTWVU-WVU7,West Virginia doesn't win 4th quarter by 6.5+,no,6.5,Q4,margin,West Virginia,0.79,0.81,0.855103987449964,0.04510398744996391,light,2026-09-24 03:13:52.579551+00:00
2026,4,401858465,KXNCAAF4QSPREAD-26SEP26ILLOSU-ILL3,Illinois wins 4th quarter by 2.5+,yes,2.5,Q4,margin,Illinois,0.21,0.22999999999999998,0.3085216267938198,0.0785216267938198,best,2026-09-24 03:13:52.579551+00:00
