season,season_type,week,game_id,start_utc,home,away,pred,pred_away,pred_margin,pred_total,pred_margin_1H,pred_total_1H,pred_margin_2H,pred_total_2H,pred_margin_Q1,pred_total_Q1,pred_margin_Q2,pred_total_Q2,pred_margin_Q3,pred_total_Q3,pred_margin_Q4,pred_total_Q4,spread_open,spread_close,total_open,total_close,exp_total,source,predicted_utc
2026,2,1,401856766,2026-08-29 16:00:00+00:00,TCU,North Carolina,27.4,20.53,6.88,47.93,4.78,21.59,4.95,23.99,3.4,8.48,2.15,13.22,3.14,10.58,1.43,12.6,-7.5,-7.5,50.5,46.5,48.31,backfill,2026-09-24T02:10:43+00:00
2026,2,1,401864494,2026-08-29 19:00:00+00:00,USC,San José State,47.2,11.74,35.46,58.93,18.99,28.86,15.75,25.44,8.81,9.56,10.39,14.93,10.4,10.21,4.38,9.97,-35.5,-37.5,57.5,61.5,58.1,backfill,2026-09-24T02:10:43+00:00
2026,2,1,401858202,2026-08-29 19:30:00+00:00,Virginia,NC State,25.35,22.9,2.45,48.24,3.05,22.79,1.1,23.41,1.22,8.93,0.58,13.21,0.52,11.1,1.58,12.49,-3.5,-4.0,54.5,50.5,50.19,backfill,2026-09-24T02:10:43+00:00
2026,2,1,401864577,2026-08-29 21:30:00+00:00,North Dakota State,Jacksonville State,26.81,24.78,2.03,51.59,-0.15,23.95,1.56,24.86,0.67,10.0,-0.11,13.16,0.74,12.84,0.66,13.23,-10.0,-6.5,48.5,46.5,51.72,backfill,2026-09-24T02:10:43+00:00
2026,2,1,401866408,2026-08-29 22:30:00+00:00,Eastern Michigan,Sacramento State,27.41,24.19,3.22,51.6,2.45,25.52,-0.03,26.95,1.39,10.81,0.49,13.76,0.47,13.43,0.01,13.75,-8.5,-9.0,52.5,52.5,54.24,backfill,2026-09-24T02:10:43+00:00
2026,2,1,401858201,2026-08-29 23:00:00+00:00,Stanford,Hawai'i,28.31,22.47,5.84,50.79,1.56,23.76,0.93,24.07,1.31,10.19,0.48,13.33,0.04,12.95,-0.11,13.95,-3.0,-4.5,50.5,48.5,52.15,backfill,2026-09-24T02:10:43+00:00
2026,2,1,401864570,2026-08-29 23:00:00+00:00,Florida State,New Mexico State,43.02,12.17,30.85,55.19,15.4,25.29,12.73,23.51,7.45,8.93,7.06,12.78,6.88,8.73,4.39,9.86,-29.0,-31.0,53.5,53.5,51.64,backfill,2026-09-24T02:10:43+00:00
2026,2,1,401862693,2026-08-30 02:00:00+00:00,UNLV,Memphis,27.48,27.06,0.42,54.54,0.17,27.17,1.01,27.3,0.72,12.09,0.13,14.24,1.2,12.44,0.1,14.0,-3.0,-4.5,60.5,55.5,59.05,backfill,2026-09-24T02:10:43+00:00
2026,2,1,401858423,2026-09-03 22:00:00+00:00,Rutgers,Massachusetts,44.03,11.62,32.42,55.65,17.87,28.11,14.44,25.93,8.92,10.56,9.8,12.84,8.81,10.44,2.62,11.62,-30.5,-29.5,54.5,54.5,58.22,backfill,2026-09-24T02:10:43+00:00
2026,2,1,401858204,2026-09-03 23:00:00+00:00,Wake Forest,Akron,34.0,17.14,16.85,51.14,9.61,24.0,7.09,22.22,4.93,8.89,3.88,12.67,4.59,9.49,3.45,10.79,-22.5,-27.5,49.5,50.5,50.48,backfill,2026-09-24T02:10:43+00:00
2026,2,1,401856776,2026-09-04 00:00:00+00:00,Georgia Tech,Colorado,32.41,20.02,12.4,52.43,7.67,24.21,4.76,24.79,4.68,8.78,3.5,13.33,3.52,10.12,0.81,13.18,-7.0,-6.5,51.5,53.5,53.75,backfill,2026-09-24T02:10:43+00:00
2026,2,1,401858424,2026-09-04 01:00:00+00:00,Illinois,UAB,37.12,16.29,20.83,53.41,10.48,25.48,8.31,24.47,5.06,9.07,5.9,14.61,4.39,9.94,1.32,12.98,-27.5,-25.5,56.5,54.5,56.02,backfill,2026-09-24T02:10:43+00:00
2026,2,1,401864495,2026-09-04 22:30:00+00:00,Eastern Michigan,San José State,31.99,24.31,7.68,56.31,4.95,27.86,4.6,25.03,1.87,12.28,0.8,14.79,3.16,10.99,0.06,14.07,-3.5,-1.5,53.5,55.0,56.74,backfill,2026-09-24T02:10:43+00:00
2026,2,1,401856664,2026-09-05 00:00:00+00:00,Oklahoma,UTEP,39.32,11.69,27.63,51.0,15.64,23.14,13.04,20.68,7.1,6.99,8.74,10.7,7.97,7.19,5.54,8.48,-40.5,-40.5,50.5,51.5,47.21,backfill,2026-09-24T02:10:43+00:00
2026,2,1,401858429,2026-09-05 00:00:00+00:00,Michigan State,Toledo,23.85,24.42,-0.57,48.27,-2.8,21.71,-2.21,23.15,-0.68,8.38,-0.38,12.56,-1.59,11.81,-1.1,13.1,-10.5,-10.0,49.5,48.5,48.59,backfill,2026-09-24T02:10:43+00:00
2026,2,1,401858206,2026-09-05 01:00:00+00:00,Stanford,Miami,12.58,31.72,-19.15,44.3,-12.0,22.94,-8.87,19.73,-5.43,7.3,-5.62,11.96,-6.12,8.15,-4.34,9.58,21.5,24.5,48.5,46.5,43.96,backfill,2026-09-24T02:10:43+00:00
2026,2,1,401858436,2026-09-05 01:00:00+00:00,USC,Fresno State,36.25,17.17,19.08,53.42,8.96,24.1,7.47,23.65,5.9,7.98,3.78,11.73,4.76,9.32,2.12,11.98,-23.25,-21.5,51.5,51.5,49.32,backfill,2026-09-24T02:10:43+00:00
2026,2,1,401856634,2026-09-05 16:00:00+00:00,Alabama,East Carolina,34.11,17.52,16.59,51.63,10.11,21.68,8.19,23.23,5.54,7.31,3.17,12.07,3.71,10.52,2.47,11.53,-25.5,-28.0,53.5,52.5,50.23,backfill,2026-09-24T02:10:43+00:00
2026,2,1,401856778,2026-09-05 16:00:00+00:00,Houston,Oregon State,32.28,18.7,13.59,50.98,10.23,23.97,6.2,24.55,4.72,9.18,4.92,13.54,4.21,9.85,1.38,12.74,-18.5,-21.0,51.5,50.5,51.3,backfill,2026-09-24T02:10:43+00:00
2026,2,1,401856780,2026-09-05 16:00:00+00:00,West Virginia,Coastal Carolina,33.28,19.23,14.05,52.51,5.85,26.89,4.59,25.0,3.3,10.96,1.39,14.74,1.54,12.72,0.5,13.44,-17.5,-21.0,57.5,54.5,57.64,backfill,2026-09-24T02:10:43+00:00
2026,2,1,401858425,2026-09-05 16:00:00+00:00,Indiana,North Texas,41.54,21.42,20.12,62.96,13.13,30.02,9.74,29.14,4.28,10.49,6.97,18.34,5.42,12.63,3.32,16.76,-40.5,-39.5,55.5,56.5,68.71,backfill,2026-09-24T02:10:43+00:00
2026,2,1,401858430,2026-09-05 16:00:00+00:00,Nebraska,Ohio,28.88,19.64,9.24,48.52,3.61,22.55,2.82,23.24,2.56,8.79,1.18,12.55,1.29,11.74,0.77,12.97,-23.5,-23.5,47.5,47.5,49.32,backfill,2026-09-24T02:10:43+00:00
2026,2,1,401869960,2026-09-05 16:00:00+00:00,James Madison,Liberty,34.87,19.76,15.11,54.63,9.18,27.46,7.42,25.3,3.27,9.87,5.91,15.18,3.32,10.06,3.45,11.42,-6.0,-6.0,50.5,50.5,56.49,backfill,2026-09-24T02:10:43+00:00
2026,2,1,401858207,2026-09-05 16:30:00+00:00,Pittsburgh,Miami (OH),31.08,19.21,11.87,50.28,6.0,22.68,5.01,23.71,4.82,8.72,1.38,13.12,2.91,11.26,1.96,12.23,-16.5,-16.5,50.5,47.5,52.82,backfill,2026-09-24T02:10:43+00:00
2026,2,1,401858432,2026-09-05 16:30:00+00:00,Ohio State,Ball State,45.1,3.02,42.08,48.13,25.72,23.08,19.06,21.18,11.9,8.78,13.95,11.65,10.8,9.29,8.51,6.07,-50.0,-50.5,56.5,55.5,41.45,backfill,2026-09-24T02:10:43+00:00
2026,2,1,401856665,2026-09-05 16:45:00+00:00,South Carolina,Kent State,39.9,14.95,24.95,54.84,13.75,23.54,10.7,24.6,6.19,8.52,4.99,13.06,6.3,9.22,2.9,11.22,-34.0,-35.5,52.5,53.5,52.29,backfill,2026-09-24T02:10:43+00:00
2026,2,1,401856636,2026-09-05 19:30:00+00:00,Auburn,Baylor,30.25,22.92,7.33,53.17,3.22,23.28,2.96,24.76,2.75,9.99,0.7,13.36,0.9,12.86,0.12,13.78,-7.0,-6.5,58.5,58.5,54.81,backfill,2026-09-24T02:10:43+00:00
2026,2,1,401856667,2026-09-05 19:30:00+00:00,Texas,Texas State,40.74,19.97,20.77,60.71,10.81,27.31,8.17,28.76,6.0,11.25,4.6,15.73,3.97,14.24,0.88,13.24,-30.5,-29.5,59.5,60.5,61.49,backfill,2026-09-24T02:10:43+00:00
2026,2,1,401856777,2026-09-05 19:30:00+00:00,Cincinnati,Boston College,30.16,22.95,7.21,53.11,5.09,25.25,2.05,24.55,2.59,10.45,1.63,14.07,0.48,11.33,0.53,13.36,-9.5,-7.0,54.5,51.5,55.78,backfill,2026-09-24T02:10:43+00:00
2026,2,1,401858209,2026-09-05 19:30:00+00:00,Duke,Tulane,29.69,26.08,3.61,55.77,2.53,25.85,0.78,27.22,1.13,12.2,0.35,14.0,0.11,13.66,0.06,14.02,-8.5,-9.5,53.5,51.5,58.96,backfill,2026-09-24T02:10:43+00:00
2026,2,1,401858433,2026-09-05 19:30:00+00:00,Oregon,Boise State,41.2,13.71,27.48,54.91,14.22,23.02,11.86,26.4,7.35,8.35,7.69,13.4,7.26,10.08,4.02,9.95,-24.5,-24.5,53.5,52.5,54.05,backfill,2026-09-24T02:10:43+00:00
2026,2,1,401858434,2026-09-05 19:30:00+00:00,Penn State,Marshall,38.6,15.87,22.73,54.47,11.21,24.92,8.48,23.06,6.34,9.09,4.57,13.06,4.52,9.5,2.27,11.87,-23.5,-23.5,54.5,53.5,56.27,backfill,2026-09-24T02:10:43+00:00
2026,2,1,401856772,2026-09-05 19:45:00+00:00,Tulsa,Oklahoma State,25.95,22.13,3.82,48.07,4.03,22.38,4.05,22.74,3.25,9.9,0.86,13.01,3.76,10.23,1.22,12.89,11.5,13.5,61.5,57.5,49.66,backfill,2026-09-24T02:10:43+00:00
2026,2,1,401858426,2026-09-05 20:15:00+00:00,Iowa,Northern Illinois,34.98,10.42,24.56,45.41,12.34,21.32,10.41,19.36,7.03,6.98,8.41,10.93,7.32,6.98,5.92,8.08,-29.5,-31.5,43.5,44.5,43.15,backfill,2026-09-24T02:10:43+00:00
2026,2,1,401860878,2026-09-05 22:00:00+00:00,Colorado State,Wyoming,24.1,18.82,5.27,42.92,2.48,20.17,1.57,21.54,1.5,6.71,1.43,10.91,0.99,10.01,0.21,12.52,-4.0,-2.5,47.5,46.5,41.6,backfill,2026-09-24T02:10:43+00:00
2026,2,1,401856668,2026-09-05 23:00:00+00:00,Texas A&M,Missouri State,45.0,12.21,32.79,57.22,17.82,27.22,14.25,25.62,9.16,9.12,8.9,14.11,8.07,9.84,4.77,9.21,-38.5,-38.5,52.5,53.5,54.84,backfill,2026-09-24T02:10:43+00:00
2026,2,1,401862695,2026-09-05 23:00:00+00:00,Memphis,Arkansas State,30.99,20.96,10.03,51.96,4.86,27.22,2.78,23.77,3.64,10.19,1.88,13.91,2.21,9.62,0.36,13.91,-10.5,-10.5,55.5,52.5,51.69,backfill,2026-09-24T02:10:43+00:00
2026,2,1,401862699,2026-09-05 23:00:00+00:00,South Florida,Florida International,38.03,19.62,18.41,57.65,12.36,27.35,8.45,27.07,4.47,10.19,5.66,15.55,4.08,11.5,2.27,12.95,-12.5,-14.5,54.5,53.5,62.25,backfill,2026-09-24T02:10:43+00:00
2026,2,1,401870763,2026-09-05 23:00:00+00:00,Troy,Sam Houston,33.95,16.7,17.26,50.65,9.99,23.12,6.52,23.33,5.18,8.84,5.61,12.31,4.8,9.02,3.12,11.13,-17.25,-16.5,50.5,52.5,48.94,backfill,2026-09-24T02:10:43+00:00
2026,2,1,401856662,2026-09-05 23:30:00+00:00,Mississippi State,UL Monroe,39.37,13.74,25.63,53.1,12.66,24.09,9.63,25.26,6.46,9.15,5.12,13.88,5.97,10.4,2.35,11.85,-28.5,-28.5,55.5,54.5,56.2,backfill,2026-09-24T02:10:43+00:00
2026,2,1,401858428,2026-09-05 23:30:00+00:00,Michigan,Western Michigan,32.6,16.07,16.53,48.67,7.92,20.17,6.99,22.93,5.13,6.65,3.13,10.53,3.84,9.25,2.39,11.42,-26.5,-27.5,47.5,49.5,44.41,backfill,2026-09-24T02:10:43+00:00
2026,2,1,401856637,2026-09-05 23:45:00+00:00,Florida,Florida Atlantic,38.5,15.89,22.61,54.4,10.86,23.34,9.04,26.38,5.55,8.94,5.06,12.36,4.62,10.2,1.48,12.56,-25.5,-26.5,56.5,59.5,55.12,backfill,2026-09-24T02:10:43+00:00
2026,2,1,401856660,2026-09-06 01:40:00+00:00,LSU,Clemson,22.65,19.3,3.35,41.95,2.84,18.76,0.78,20.99,1.56,5.24,1.08,11.76,1.25,10.33,-0.18,11.54,-11.5,-10.0,51.5,48.5,42.06,backfill,2026-09-24T02:10:43+00:00
2026,2,1,401864498,2026-09-06 02:00:00+00:00,New Mexico,Central Michigan,26.02,20.62,5.4,46.64,3.84,21.88,3.58,21.01,2.52,8.26,1.62,11.66,3.34,10.19,1.61,12.12,-12.5,-11.0,49.0,47.5,44.97,backfill,2026-09-24T02:10:43+00:00
2026,2,1,401864497,2026-09-06 02:00:00+00:00,Hawai'i,UNLV,28.64,27.39,1.25,56.03,-0.2,27.83,0.51,27.62,0.02,13.3,-0.2,14.34,0.23,13.72,0.09,13.9,1.5,3.0,58.5,55.5,60.76,backfill,2026-09-24T02:10:43+00:00
2026,2,1,401858210,2026-09-06 02:30:00+00:00,California,UCLA,28.47,24.41,4.05,52.88,2.48,25.91,2.8,26.26,1.96,11.51,0.57,13.75,0.74,12.88,0.5,13.48,-2.5,2.5,53.5,53.5,54.27,backfill,2026-09-24T02:10:43+00:00
2026,2,1,401864432,2026-09-06 02:30:00+00:00,Nevada,Western Kentucky,23.63,26.47,-2.84,50.1,-2.73,23.35,-2.9,24.89,-2.18,9.46,-0.28,13.24,-1.0,12.42,-0.99,12.78,4.25,1.5,53.5,51.5,48.48,backfill,2026-09-24T02:10:43+00:00
2026,2,1,401858437,2026-09-06 20:00:00+00:00,Washington,Washington State,28.01,17.2,10.81,45.21,4.88,20.5,5.17,21.45,4.09,7.42,1.54,11.52,4.16,9.01,1.42,12.83,-21.5,-23.5,50.5,51.5,45.83,backfill,2026-09-24T02:10:43+00:00
2026,2,1,401856661,2026-09-06 23:30:00+00:00,Ole Miss,Louisville,31.77,22.86,8.91,54.63,4.15,25.15,3.43,26.89,3.07,10.41,0.74,13.99,1.11,12.94,-0.09,14.15,-8.5,-6.5,52.5,55.0,57.11,backfill,2026-09-24T02:10:43+00:00
2026,2,1,401858438,2026-09-06 23:30:00+00:00,Notre Dame,Wisconsin,33.64,11.99,21.65,45.63,11.66,21.34,9.88,21.33,7.01,7.1,7.27,11.41,7.01,8.3,5.18,8.87,-16.5,-21.0,47.0,46.5,45.38,backfill,2026-09-24T02:10:43+00:00
2026,2,1,401858212,2026-09-07 23:30:00+00:00,Florida State,SMU,26.98,25.63,1.35,52.6,0.28,25.27,-0.99,26.33,0.72,9.75,-0.45,13.98,-0.42,13.1,0.08,14.06,2.5,3.0,52.5,54.5,52.8,backfill,2026-09-24T02:10:43+00:00
2026,2,2,401858214,2026-09-11 23:30:00+00:00,Boston College,Rutgers,30.72,25.61,5.11,56.34,3.43,26.98,1.39,27.07,1.11,12.15,1.0,14.87,0.47,13.5,0.24,14.27,-3.5,-3.0,54.5,53.5,57.25,backfill,2026-09-24T02:11:08+00:00
2026,2,2,401856678,2026-09-12 00:00:00+00:00,Kansas,Missouri,21.18,29.29,-8.12,50.47,-3.95,22.79,-2.96,25.29,-2.15,9.28,-1.19,12.74,-1.73,12.52,-0.1,14.3,6.75,4.0,51.25,51.5,50.45,backfill,2026-09-24T02:11:08+00:00
2026,2,2,401856781,2026-09-12 16:00:00+00:00,Kansas State,Washington State,27.79,21.73,6.06,49.52,1.3,23.66,3.28,23.66,3.33,8.88,0.25,13.22,1.98,10.79,0.1,13.93,-17.5,-17.5,50.25,48.5,47.0,backfill,2026-09-24T02:11:08+00:00
2026,2,2,401856679,2026-09-12 16:00:00+00:00,Michigan,Oklahoma,21.39,23.79,-2.4,45.18,-2.35,20.61,-0.94,21.32,-0.79,7.31,-0.68,12.76,-1.55,10.71,-1.05,12.87,-1.5,5.5,46.0,43.5,41.59,backfill,2026-09-24T02:11:08+00:00
2026,2,2,401856683,2026-09-12 16:00:00+00:00,Texas A&M,Arizona State,38.46,12.61,25.85,51.08,14.63,23.23,10.36,22.54,5.87,7.8,8.06,11.2,6.55,8.48,5.51,9.46,-14.25,-15.0,51.5,51.5,49.91,backfill,2026-09-24T02:11:08+00:00
2026,2,2,401858221,2026-09-12 16:00:00+00:00,Virginia Tech,Old Dominion,27.44,22.16,5.28,49.6,0.57,24.01,-0.17,22.76,-0.59,8.62,-0.11,13.46,-0.02,11.58,-0.56,13.78,-16.25,-17.5,51.0,47.5,49.72,backfill,2026-09-24T02:11:08+00:00
2026,2,2,401858224,2026-09-12 16:00:00+00:00,Purdue,Wake Forest,24.18,27.67,-3.49,51.85,-2.27,25.25,-2.59,25.63,-1.45,10.7,-0.17,14.23,-1.53,12.32,-0.29,14.38,4.0,2.5,49.75,51.5,51.91,backfill,2026-09-24T02:11:08+00:00
2026,2,2,401862702,2026-09-12 16:00:00+00:00,Army,South Florida,21.55,27.03,-5.49,48.58,-5.74,22.21,-2.43,20.69,-1.74,7.52,-2.79,11.82,-1.68,9.41,-1.25,11.99,-2.5,-3.0,51.0,45.5,43.74,backfill,2026-09-24T02:11:08+00:00
2026,2,2,401864571,2026-09-12 16:00:00+00:00,East Carolina,App State,31.38,20.81,10.57,52.19,7.65,25.86,3.36,25.63,4.08,10.25,3.23,13.86,3.52,10.02,0.46,13.9,-9.75,-6.5,56.5,55.5,54.25,backfill,2026-09-24T02:11:08+00:00
2026,2,2,401858442,2026-09-12 16:00:00+00:00,Temple,Penn State,17.6,36.13,-18.52,53.73,-11.51,24.42,-7.23,23.48,-5.31,8.39,-4.79,12.95,-4.59,9.36,-1.87,12.76,22.5,24.5,50.5,50.0,52.16,backfill,2026-09-24T02:11:08+00:00
2026,2,2,401856673,2026-09-12 16:45:00+00:00,Georgia,Western Kentucky,44.82,9.06,35.76,53.88,22.35,29.97,16.13,25.34,10.37,10.58,9.73,13.82,11.29,11.18,4.99,9.72,-37.5,-40.5,53.25,55.5,51.78,backfill,2026-09-24T02:11:08+00:00
2026,2,2,401856782,2026-09-12 17:30:00+00:00,Oklahoma State,Oregon,13.69,41.18,-27.49,54.86,-16.7,26.68,-13.1,24.0,-6.88,8.62,-8.96,12.61,-8.24,8.98,-3.27,10.68,20.5,24.0,59.0,55.5,49.37,backfill,2026-09-24T02:11:08+00:00
2026,2,2,401858217,2026-09-12 19:30:00+00:00,Illinois,Duke,29.6,25.52,4.08,55.13,2.85,26.73,1.23,25.98,1.69,11.88,0.36,14.04,0.51,13.34,0.23,14.5,-7.25,-6.5,53.5,51.5,56.41,backfill,2026-09-24T02:11:08+00:00
2026,2,2,401856674,2026-09-12 19:30:00+00:00,Kentucky,Alabama,18.22,32.38,-14.16,50.61,-9.21,23.19,-5.74,23.08,-4.02,8.23,-3.72,12.5,-4.24,9.28,-3.48,10.96,10.5,8.5,49.0,47.0,49.43,backfill,2026-09-24T02:11:08+00:00
2026,2,2,401856677,2026-09-12 19:30:00+00:00,Minnesota,Mississippi State,26.58,28.59,-2.01,55.18,-1.06,26.86,-0.54,27.47,-1.29,11.66,0.27,13.79,-0.24,13.89,-0.11,14.42,-0.75,-1.0,55.5,53.5,56.83,backfill,2026-09-24T02:11:08+00:00
2026,2,2,401856790,2026-09-12 19:30:00+00:00,Pittsburgh,UCF,35.8,18.21,17.59,54.01,10.33,25.37,8.73,25.58,5.27,9.74,5.4,13.36,3.62,10.29,2.37,13.22,-8.0,-7.0,54.25,55.5,55.95,backfill,2026-09-24T02:11:08+00:00
2026,2,2,401858216,2026-09-12 19:30:00+00:00,Syracuse,California,30.29,25.14,5.15,55.43,1.97,26.5,0.83,28.13,1.58,12.25,0.41,13.92,0.35,13.98,-0.15,14.69,-0.75,-4.0,54.25,56.5,57.22,backfill,2026-09-24T02:11:08+00:00
2026,2,2,401856810,2026-09-12 19:30:00+00:00,BYU,Arizona,27.45,21.87,5.58,49.32,3.6,22.13,3.4,25.84,2.31,9.26,0.67,12.98,1.87,11.98,0.65,13.81,-7.0,-7.0,50.5,49.0,50.3,backfill,2026-09-24T02:11:08+00:00
2026,2,2,401859184,2026-09-12 19:30:00+00:00,Notre Dame,Rice,52.43,6.31,46.12,58.74,24.37,28.94,19.08,22.37,12.66,12.08,14.0,14.16,12.02,12.5,8.21,6.94,-44.5,-44.5,53.5,54.5,54.51,backfill,2026-09-24T02:11:08+00:00
2026,2,2,401858444,2026-09-12 19:30:00+00:00,UConn,Maryland,27.78,27.53,0.25,55.31,0.62,29.13,1.22,25.3,1.64,11.87,0.69,14.06,0.22,12.33,0.31,14.09,12.5,11.5,53.5,52.5,55.75,backfill,2026-09-24T02:11:08+00:00
2026,2,2,401858446,2026-09-12 19:30:00+00:00,Washington,Utah State,38.38,16.42,21.96,54.79,10.28,27.3,8.43,23.25,5.23,9.53,5.36,13.72,5.47,9.62,3.5,10.88,-25.5,-28.5,56.0,55.5,53.94,backfill,2026-09-24T02:11:08+00:00
2026,2,2,401860884,2026-09-12 19:30:00+00:00,Texas State,UTSA,29.02,34.68,-5.66,63.7,-3.94,31.41,-3.32,32.23,0.12,14.19,-1.94,16.77,-0.15,14.24,-0.43,14.68,-0.25,-1.5,64.5,65.5,70.46,backfill,2026-09-24T02:11:08+00:00
2026,2,2,401862708,2026-09-12 19:30:00+00:00,UAB,UL Monroe,36.77,20.0,16.77,56.78,10.99,29.85,7.67,28.08,2.98,11.44,4.07,15.49,3.24,11.24,0.32,14.29,-9.0,-9.5,55.25,53.5,59.96,backfill,2026-09-24T02:11:08+00:00
2026,2,2,401858440,2026-09-12 19:30:00+00:00,Michigan State,Eastern Michigan,35.15,18.64,16.51,53.79,7.81,26.94,6.76,22.78,4.45,10.2,3.79,12.94,4.11,9.96,1.94,12.36,-16.25,-17.5,51.25,49.5,52.42,backfill,2026-09-24T02:11:08+00:00
2026,2,2,401862705,2026-09-12 19:45:00+00:00,North Texas,UNLV,33.65,25.57,8.08,59.21,4.6,31.55,2.77,28.75,0.84,12.17,2.54,16.53,-0.3,13.62,0.61,14.6,5.5,3.0,59.25,58.0,64.98,backfill,2026-09-24T02:11:08+00:00
2026,2,2,401856684,2026-09-12 20:15:00+00:00,Vanderbilt,Delaware,42.14,14.45,27.69,56.59,16.89,29.49,13.1,27.83,8.24,12.03,9.07,16.13,6.91,11.9,3.45,14.0,-21.25,-20.5,54.5,54.5,65.09,backfill,2026-09-24T02:11:08+00:00
2026,2,2,401860881,2026-09-12 22:00:00+00:00,Boise State,Memphis,30.32,24.36,5.95,54.68,3.81,28.68,4.84,27.34,1.21,12.55,1.17,14.37,1.98,12.15,0.12,14.47,-7.0,-9.5,55.5,54.5,57.23,backfill,2026-09-24T02:11:08+00:00
2026,2,2,401866414,2026-09-12 22:00:00+00:00,Florida International,Buffalo,28.55,19.23,9.32,47.77,6.08,23.31,3.02,23.11,3.48,8.56,2.17,12.47,4.08,10.12,1.27,12.96,-10.25,-8.5,50.0,47.5,47.07,backfill,2026-09-24T02:11:08+00:00
2026,2,2,401866418,2026-09-12 22:00:00+00:00,Ohio,Jacksonville State,31.0,22.97,8.03,53.96,3.8,25.16,4.04,25.14,1.93,11.82,0.6,13.24,2.47,12.05,0.39,13.8,-2.25,-1.5,50.0,49.5,51.63,backfill,2026-09-24T02:11:08+00:00
2026,2,2,401856681,2026-09-12 23:00:00+00:00,Georgia Tech,Tennessee,24.63,30.39,-5.76,55.02,-2.08,25.62,-3.01,25.91,-2.09,11.24,-0.15,14.23,-1.15,13.18,-0.22,14.38,11.0,12.5,55.0,55.5,56.29,backfill,2026-09-24T02:11:08+00:00
2026,2,2,401862707,2026-09-12 23:00:00+00:00,Sam Houston,Tulsa,26.2,27.79,-1.59,53.99,-1.36,25.77,1.3,26.83,-0.43,12.03,0.14,13.41,-0.66,13.11,0.31,14.54,12.0,12.5,52.75,51.5,50.72,backfill,2026-09-24T02:11:08+00:00
2026,2,2,401869955,2026-09-12 23:00:00+00:00,Kennesaw State,Georgia State,31.64,23.25,8.39,54.89,5.65,27.44,5.24,25.55,3.02,9.97,5.38,14.3,3.49,10.27,1.1,13.79,-9.25,-7.5,50.75,55.5,56.16,backfill,2026-09-24T02:11:08+00:00
2026,2,2,401864575,2026-09-12 23:00:00+00:00,Tulane,South Alabama,29.21,16.61,12.6,45.82,7.13,22.21,4.17,20.98,4.47,8.47,4.14,10.17,4.58,8.87,1.73,11.97,-10.0,-9.5,53.0,48.5,43.93,backfill,2026-09-24T02:11:08+00:00
2026,2,2,401871045,2026-09-12 23:00:00+00:00,Marshall,Middle Tennessee,28.29,25.66,2.63,53.95,2.85,27.94,1.23,27.23,0.92,12.75,1.1,13.45,0.36,13.71,0.18,14.47,-15.75,-12.5,57.5,55.5,56.13,backfill,2026-09-24T02:11:08+00:00
2026,2,2,401858441,2026-09-12 23:00:00+00:00,Nebraska,Bowling Green,38.44,14.74,23.69,53.18,11.96,25.23,10.12,22.73,5.71,9.05,6.71,12.14,5.5,8.61,3.4,11.45,-27.25,-30.5,50.25,48.5,52.98,backfill,2026-09-24T02:11:08+00:00
2026,2,2,401858443,2026-09-12 23:15:00+00:00,UCLA,San Diego State,29.31,22.76,6.55,52.07,3.11,24.44,1.32,24.63,1.59,10.77,0.91,12.73,0.86,11.75,0.36,14.03,-10.0,-13.5,53.0,53.5,48.94,backfill,2026-09-24T02:11:08+00:00
2026,2,2,401856682,2026-09-12 23:30:00+00:00,Texas,Ohio State,25.5,24.48,1.02,49.98,0.27,23.32,0.47,24.39,0.12,8.82,-0.59,13.99,0.04,12.47,0.18,14.09,-2.0,-2.5,47.5,50.5,49.29,backfill,2026-09-24T02:11:08+00:00
2026,2,2,401856788,2026-09-12 23:30:00+00:00,Iowa,Iowa State,30.21,14.23,15.98,44.44,10.18,21.65,6.79,20.41,5.92,7.24,5.27,10.7,5.4,8.26,2.69,11.55,-12.75,-14.0,41.25,42.5,44.42,backfill,2026-09-24T02:11:08+00:00
2026,2,2,401856783,2026-09-12 23:30:00+00:00,Oregon State,Texas Tech,13.55,35.4,-21.85,48.94,-10.97,22.78,-8.65,21.17,-5.73,8.46,-7.44,11.46,-5.98,8.39,-3.28,10.69,27.0,25.5,50.5,52.5,46.17,backfill,2026-09-24T02:11:08+00:00
2026,2,2,401867796,2026-09-12 23:30:00+00:00,LSU,Louisiana Tech,36.94,13.63,23.32,50.57,14.87,24.87,10.07,20.87,7.05,8.31,6.77,11.01,6.99,7.92,5.64,8.89,-32.5,-34.5,55.5,55.0,46.54,backfill,2026-09-24T02:11:08+00:00
2026,2,2,401862703,2026-09-12 23:30:00+00:00,Florida Atlantic,Navy,28.97,32.8,-3.84,61.77,-3.83,31.28,-2.97,29.09,0.22,12.18,-3.16,16.69,-0.68,14.31,-0.43,14.69,6.0,4.5,58.25,59.5,67.36,backfill,2026-09-24T02:11:08+00:00
2026,2,2,401856676,2026-09-12 23:45:00+00:00,Ole Miss,Charlotte,52.08,9.46,42.62,61.53,25.6,32.15,17.24,25.57,13.74,13.59,14.31,14.63,10.73,11.53,7.63,9.69,-47.0,-44.5,61.5,59.5,60.05,backfill,2026-09-24T02:11:08+00:00
2026,2,2,401856671,2026-09-13 00:50:00+00:00,Auburn,Southern Miss,33.66,15.19,18.46,48.85,8.55,24.49,6.89,20.6,4.7,8.08,4.97,10.35,5.7,8.49,4.27,10.09,-29.75,-32.5,52.75,56.5,43.45,backfill,2026-09-24T02:11:08+00:00
2026,2,2,401858219,2026-09-13 01:30:00+00:00,Clemson,Georgia Southern,36.82,20.55,16.28,57.37,8.4,27.57,6.08,27.18,3.61,10.66,2.0,14.61,3.06,11.94,0.46,13.95,-23.75,-19.5,56.5,54.5,57.91,backfill,2026-09-24T02:11:08+00:00
2026,2,2,401864502,2026-09-13 02:00:00+00:00,Air Force,North Dakota State,24.87,27.56,-2.69,52.43,-1.96,22.05,-3.43,25.8,0.09,11.11,-0.63,12.33,-1.74,12.54,-0.92,13.78,5.0,1.5,48.5,48.5,50.89,backfill,2026-09-24T02:11:08+00:00
2026,2,2,401856670,2026-09-13 02:30:00+00:00,Utah,Arkansas,39.2,22.58,16.62,61.78,8.99,30.6,8.07,31.25,3.4,11.57,5.95,16.56,2.9,12.87,1.23,15.59,-11.25,-12.5,55.75,55.5,66.09,backfill,2026-09-24T02:11:08+00:00
2026,2,2,401860883,2026-09-13 02:30:00+00:00,Fresno State,Sacramento State,26.56,18.08,8.47,44.64,4.46,19.16,1.41,21.78,2.85,7.12,1.74,11.72,3.21,9.19,0.4,12.12,-18.25,-17.5,47.25,43.5,40.07,backfill,2026-09-24T02:11:08+00:00
2026,2,2,401858445,2026-09-13 03:00:00+00:00,USC,Louisiana,46.6,13.23,33.37,59.82,19.19,29.18,14.34,25.11,8.53,11.42,12.1,15.23,8.83,10.21,3.65,11.77,-29.75,-30.5,61.75,58.5,57.36,backfill,2026-09-24T02:11:08+00:00
2026,2,2,401864578,2026-09-13 03:59:00+00:00,Hawai'i,New Mexico State,30.74,22.72,8.01,53.46,5.13,24.72,4.21,24.67,3.27,10.83,0.83,13.22,2.87,11.39,0.45,14.02,-10.75,-7.5,51.0,50.5,50.39,backfill,2026-09-24T02:11:08+00:00
2026,2,3,401858225,2026-09-17 23:30:00+00:00,Pittsburgh,Syracuse,36.62,15.71,20.92,52.33,12.15,25.5,9.53,23.63,5.17,8.5,7.11,14.02,5.38,9.1,4.32,10.13,-10.75,-10.5,55.25,51.5,48.62,backfill,2026-09-24T02:11:34+00:00
2026,2,3,401858226,2026-09-18 23:30:00+00:00,Wake Forest,Miami,18.32,34.84,-16.52,53.16,-8.08,24.68,-6.95,22.67,-4.16,9.13,-4.07,15.55,-5.08,8.87,-2.87,11.23,20.25,20.5,52.75,55.5,50.53,backfill,2026-09-24T02:11:34+00:00
2026,2,3,401856811,2026-09-19 00:00:00+00:00,Texas Tech,Houston,35.7,18.24,17.47,53.94,8.64,26.83,8.16,24.22,4.17,9.6,5.03,14.68,4.17,9.88,1.96,12.38,-11.0,-7.5,53.0,52.5,53.97,backfill,2026-09-24T02:11:34+00:00
2026,2,3,401869940,2026-09-19 15:30:00+00:00,Delaware,Coastal Carolina,34.12,22.45,11.67,56.56,6.3,29.49,5.95,26.83,1.66,12.1,2.12,17.05,2.57,11.41,0.72,13.8,-4.75,-4.5,58.0,56.5,60.17,backfill,2026-09-24T02:11:34+00:00
2026,2,3,401858229,2026-09-19 16:00:00+00:00,Clemson,North Carolina,27.55,18.48,9.07,46.02,4.57,20.7,3.89,19.85,2.62,7.3,2.82,12.86,3.9,8.85,1.17,11.87,-6.25,-3.0,44.5,44.5,39.18,backfill,2026-09-24T02:11:34+00:00
2026,2,3,401856686,2026-09-19 16:00:00+00:00,Arkansas,Georgia,21.43,37.24,-15.8,58.67,-9.78,30.1,-7.94,28.17,-6.25,13.21,-4.5,18.71,-5.12,12.47,-0.62,13.71,21.0,24.5,53.25,54.5,62.19,backfill,2026-09-24T02:11:34+00:00
2026,2,3,401856792,2026-09-19 16:00:00+00:00,Kansas State,Tulane,30.74,15.92,14.82,46.66,9.05,24.05,7.68,21.17,5.19,8.71,3.58,12.71,5.54,8.74,3.46,10.77,-20.0,-20.5,49.5,49.5,44.84,backfill,2026-09-24T02:11:34+00:00
2026,2,3,401856798,2026-09-19 16:00:00+00:00,Iowa State,Bowling Green,36.91,10.36,26.54,47.27,14.71,22.86,10.96,20.58,7.69,6.89,8.98,12.48,5.96,7.7,4.82,9.34,-22.75,-23.0,45.75,43.5,44.13,backfill,2026-09-24T02:11:34+00:00
2026,2,3,401856812,2026-09-19 16:00:00+00:00,Kansas,Arizona State,25.13,27.44,-2.31,52.57,-1.89,27.22,-0.51,26.1,-1.04,11.96,-0.58,15.22,-0.53,13.7,0.13,13.74,6.0,5.5,54.75,51.0,59.24,backfill,2026-09-24T02:11:34+00:00
2026,2,3,401858454,2026-09-19 16:00:00+00:00,Ohio State,Kent State,55.17,4.26,50.9,59.43,32.24,33.9,21.0,23.13,15.07,13.82,17.15,17.7,13.05,12.52,8.5,8.31,-52.75,-52.5,57.5,58.5,53.34,backfill,2026-09-24T02:11:34+00:00
2026,2,3,401858456,2026-09-19 16:00:00+00:00,Penn State,Buffalo,41.6,8.53,33.07,50.13,17.73,24.38,12.89,20.49,7.31,8.12,9.94,12.76,8.04,7.91,6.37,7.51,-39.0,-39.5,48.0,48.5,45.47,backfill,2026-09-24T02:11:34+00:00
2026,2,3,401860889,2026-09-19 16:00:00+00:00,Texas State,North Texas,28.49,37.57,-9.07,66.06,-3.4,34.03,-3.95,30.78,-0.59,14.34,-3.57,18.74,-1.47,15.03,-0.91,15.34,-3.0,-3.0,63.5,62.5,73.21,backfill,2026-09-24T02:11:34+00:00
2026,2,3,401858451,2026-09-19 16:00:00+00:00,Minnesota,Akron,31.93,16.72,15.21,48.65,6.84,24.76,5.64,21.96,4.68,8.99,1.82,12.7,4.98,8.69,1.22,12.31,-26.5,-22.5,48.75,48.5,44.64,backfill,2026-09-24T02:11:34+00:00
2026,2,3,401858460,2026-09-19 16:30:00+00:00,Wisconsin,Eastern Michigan,31.24,12.49,18.75,43.74,8.58,21.48,7.74,21.05,5.61,7.39,4.94,11.07,6.51,7.85,2.52,11.1,-24.5,-23.5,45.75,43.5,39.15,backfill,2026-09-24T02:11:34+00:00
2026,2,3,401856695,2026-09-19 16:45:00+00:00,Vanderbilt,NC State,35.02,20.9,14.12,55.92,7.52,27.75,6.9,27.95,2.34,11.39,2.9,16.76,2.94,11.21,0.56,14.07,-4.0,-3.0,53.5,50.5,59.56,backfill,2026-09-24T02:11:34+00:00
2026,2,3,401864508,2026-09-19 17:00:00+00:00,Central Michigan,Wyoming,26.06,19.15,6.91,45.21,3.41,20.75,1.39,21.84,2.55,8.32,1.77,12.77,1.99,9.88,0.93,12.31,-2.0,1.5,39.5,39.5,40.17,backfill,2026-09-24T02:11:34+00:00
2026,2,3,401862774,2026-09-19 19:00:00+00:00,Toledo,Temple,30.98,18.48,12.5,49.46,7.39,23.62,6.67,22.08,3.94,9.46,3.57,13.77,4.99,8.75,2.12,12.15,-4.5,-4.5,51.75,48.5,46.92,backfill,2026-09-24T02:11:34+00:00
2026,2,3,401856797,2026-09-19 19:30:00+00:00,Cincinnati,Miami (OH),34.21,20.37,13.83,54.58,8.93,27.11,7.04,24.77,3.9,9.65,3.71,15.94,4.15,9.58,0.72,13.89,-15.0,-14.5,50.25,50.5,56.69,backfill,2026-09-24T02:11:34+00:00
2026,2,3,401856801,2026-09-19 19:30:00+00:00,Utah,Utah State,39.99,16.37,23.62,56.35,10.95,29.29,11.56,24.33,5.0,9.19,6.43,16.37,6.81,9.77,3.6,10.55,-27.75,-26.5,57.25,55.5,54.48,backfill,2026-09-24T02:11:34+00:00
2026,2,3,401858230,2026-09-19 19:30:00+00:00,Louisville,SMU,27.6,25.65,1.95,53.25,1.54,26.66,0.98,26.39,0.72,12.15,0.05,14.38,0.43,13.35,0.09,13.92,-1.25,-3.0,58.0,57.5,55.84,backfill,2026-09-24T02:11:34+00:00
2026,2,3,401858450,2026-09-19 19:30:00+00:00,Michigan,UTEP,44.07,10.47,33.59,54.54,17.69,24.99,14.7,22.83,8.22,7.39,10.63,13.25,9.44,10.15,5.22,8.15,-36.75,-34.5,49.5,48.5,48.16,backfill,2026-09-24T02:11:34+00:00
2026,2,3,401858457,2026-09-19 19:30:00+00:00,Rutgers,USC,19.69,39.76,-20.07,59.45,-14.81,30.87,-9.18,27.7,-4.73,11.71,-7.15,18.43,-5.79,11.68,-0.95,13.72,24.5,21.0,57.5,58.5,62.1,backfill,2026-09-24T02:11:34+00:00
2026,2,3,401856694,2026-09-19 19:40:00+00:00,Texas A&M,Kentucky,42.64,12.67,29.97,55.3,16.8,26.91,13.62,24.53,7.87,9.61,10.02,14.89,7.93,9.75,4.43,11.02,-15.75,-16.5,48.75,48.5,55.33,backfill,2026-09-24T02:11:34+00:00
2026,2,3,401858231,2026-09-19 20:00:00+00:00,Duke,Stanford,34.76,19.75,15.01,54.51,8.75,27.44,7.45,24.76,3.76,9.62,5.3,16.34,4.0,10.05,0.95,13.34,-9.75,-9.5,50.75,51.5,56.43,backfill,2026-09-24T02:11:34+00:00
2026,2,3,401858449,2026-09-19 20:00:00+00:00,Indiana,Western Kentucky,50.43,7.13,43.3,57.56,24.71,30.46,17.17,26.74,10.48,12.31,14.13,16.12,10.34,12.3,7.79,12.17,-44.25,-44.5,59.5,59.5,61.57,backfill,2026-09-24T02:11:34+00:00
2026,2,3,401866422,2026-09-19 20:00:00+00:00,Liberty,Ball State,36.24,15.47,20.77,51.71,12.44,25.34,8.66,23.32,5.05,8.53,6.19,13.24,5.68,8.17,3.56,10.57,-14.25,-14.5,53.25,49.5,49.04,backfill,2026-09-24T02:11:34+00:00
2026,2,3,401867804,2026-09-19 20:00:00+00:00,Baylor,Louisiana Tech,34.47,21.06,13.41,55.53,6.87,27.6,5.41,24.89,3.8,10.6,1.72,15.5,2.6,11.61,1.46,12.56,-18.25,-20.0,55.25,50.5,56.33,backfill,2026-09-24T02:11:34+00:00
2026,2,3,401856685,2026-09-19 21:15:00+00:00,Alabama,Florida State,37.11,15.46,21.66,52.57,12.28,25.67,11.16,24.03,4.17,9.12,7.17,14.95,6.57,8.73,2.99,11.24,-18.0,-18.5,50.75,50.0,53.07,backfill,2026-09-24T02:11:34+00:00
2026,2,3,401856691,2026-09-19 21:35:00+00:00,South Carolina,Mississippi State,31.46,24.79,6.67,56.25,4.51,29.22,2.16,26.18,1.63,12.54,0.42,15.48,1.7,12.22,0.07,13.9,-5.5,-3.0,56.5,59.5,56.59,backfill,2026-09-24T02:11:34+00:00
2026,2,3,401862771,2026-09-19 22:00:00+00:00,Florida Atlantic,Florida International,29.07,30.25,-1.17,59.32,-0.73,30.71,-1.26,28.88,0.2,13.89,-0.88,16.32,-0.0,13.85,0.25,13.93,-7.25,-5.0,62.5,62.5,65.8,backfill,2026-09-24T02:11:34+00:00
2026,2,3,401862710,2026-09-19 22:00:00+00:00,Old Dominion,East Carolina,28.78,23.82,4.96,52.59,3.48,25.3,2.5,21.48,2.59,11.06,0.65,15.38,1.73,11.58,0.57,13.58,-2.75,-2.5,49.5,48.5,53.64,backfill,2026-09-24T02:11:34+00:00
2026,2,3,401871047,2026-09-19 22:30:00+00:00,Missouri State,Marshall,26.14,27.46,-1.32,53.6,-0.53,28.21,-1.23,25.71,0.38,12.31,-0.85,14.36,-0.05,13.7,-0.14,13.88,4.25,4.0,52.75,52.5,54.42,backfill,2026-09-24T02:11:34+00:00
2026,2,3,401856687,2026-09-19 23:00:00+00:00,Auburn,Florida,24.41,22.01,2.4,46.43,0.62,24.01,1.43,21.26,1.79,8.16,0.93,13.98,0.94,10.6,0.53,13.62,0.5,2.5,53.25,53.0,44.28,backfill,2026-09-24T02:11:34+00:00
2026,2,3,401856689,2026-09-19 23:00:00+00:00,Missouri,Troy,36.9,11.33,25.57,48.23,12.14,23.78,10.15,20.78,6.63,8.2,7.2,11.6,6.9,7.76,5.44,8.78,-27.25,-27.0,49.5,49.5,44.22,backfill,2026-09-24T02:11:34+00:00
2026,2,3,401856800,2026-09-19 23:00:00+00:00,UCF,Georgia State,29.31,15.35,13.96,44.66,4.93,23.38,4.12,21.44,3.67,8.65,3.76,12.26,4.76,8.52,1.43,12.12,-20.75,-17.5,50.0,50.5,40.1,backfill,2026-09-24T02:11:34+00:00
2026,2,3,401861963,2026-09-19 23:00:00+00:00,Southern Miss,UConn,32.72,24.84,7.88,57.57,5.27,31.9,2.54,27.28,1.05,13.11,1.07,15.55,0.45,13.23,0.16,13.73,3.0,3.5,54.75,54.5,58.86,backfill,2026-09-24T02:11:34+00:00
2026,2,3,401862773,2026-09-19 23:00:00+00:00,Rice,Western Michigan,15.05,30.49,-15.45,45.54,-8.99,21.39,-7.11,22.39,-4.5,7.49,-5.34,11.38,-5.8,8.38,-3.64,10.7,11.75,8.5,44.75,43.5,38.59,backfill,2026-09-24T02:11:34+00:00
2026,2,3,401864443,2026-09-19 23:00:00+00:00,Middle Tennessee,Nevada,25.86,26.27,-0.41,52.14,0.26,26.28,-0.72,26.12,-0.67,12.33,0.07,14.42,-0.16,12.76,0.0,13.93,6.0,3.5,50.25,50.5,51.68,backfill,2026-09-24T02:11:34+00:00
2026,2,3,401866423,2026-09-19 23:00:00+00:00,South Alabama,Ohio,31.18,26.59,4.59,57.77,4.34,28.27,2.02,28.22,1.41,13.04,0.63,15.15,0.92,13.1,-0.01,13.98,-3.75,-7.0,53.0,49.5,57.84,backfill,2026-09-24T02:11:34+00:00
2026,2,3,401869948,2026-09-19 23:00:00+00:00,Jacksonville State,Georgia Southern,28.06,22.49,5.57,50.55,4.65,25.08,3.93,23.74,2.33,9.32,0.56,13.73,1.86,11.5,0.73,13.13,-3.0,-3.5,53.0,51.5,47.97,backfill,2026-09-24T02:11:34+00:00
2026,2,3,401858453,2026-09-19 23:30:00+00:00,Notre Dame,Michigan State,41.69,16.39,25.3,58.08,11.83,28.26,11.26,26.15,6.98,12.74,8.3,16.52,8.63,11.35,2.74,11.33,-29.75,-28.5,52.75,51.5,57.64,backfill,2026-09-24T02:11:34+00:00
2026,2,3,401856688,2026-09-19 23:30:00+00:00,Ole Miss,LSU,29.86,26.26,3.6,56.12,2.42,28.4,2.24,27.8,1.45,11.66,0.69,14.93,0.32,13.51,0.32,13.92,0.75,3.0,58.0,58.5,59.11,backfill,2026-09-24T02:11:34+00:00
2026,2,3,401856690,2026-09-19 23:30:00+00:00,Oklahoma,New Mexico,32.62,12.98,19.64,45.6,12.05,24.5,9.14,19.49,6.87,8.39,5.56,11.89,7.0,8.11,5.48,8.38,-23.5,-21.5,48.25,45.5,41.14,backfill,2026-09-24T02:11:34+00:00
2026,2,3,401858232,2026-09-19 23:30:00+00:00,Maryland,Virginia Tech,28.89,22.77,6.11,51.66,2.65,26.65,2.82,24.4,2.5,10.89,0.66,14.78,1.93,11.88,0.0,13.91,2.5,2.5,53.5,53.5,53.02,backfill,2026-09-24T02:11:34+00:00
2026,2,3,401856802,2026-09-19 23:30:00+00:00,Virginia,West Virginia,30.69,18.64,12.05,49.33,7.12,24.35,5.14,20.87,4.14,9.18,3.39,13.62,4.26,9.31,2.77,11.29,-9.0,-10.5,52.5,51.5,47.07,backfill,2026-09-24T02:11:34+00:00
2026,2,3,401856796,2026-09-19 23:30:00+00:00,Northwestern,Colorado,28.54,17.22,11.32,45.76,5.01,22.19,5.09,21.23,3.91,8.05,2.75,12.8,4.11,9.02,2.05,11.92,-4.5,-3.5,46.25,47.5,40.81,backfill,2026-09-24T02:11:34+00:00
2026,2,3,401856692,2026-09-19 23:45:00+00:00,Tennessee,Kennesaw State,48.6,14.26,34.34,62.87,21.18,32.19,15.73,26.36,10.33,12.72,9.51,18.75,8.23,11.26,3.92,11.82,-35.0,-35.5,59.75,60.5,62.97,backfill,2026-09-24T02:11:34+00:00
2026,2,3,401856799,2026-09-20 00:00:00+00:00,TCU,Arkansas State,32.92,17.99,14.93,50.92,7.32,25.55,6.3,23.26,5.04,9.18,3.49,13.34,4.26,9.44,0.62,12.89,-20.25,-18.5,57.5,56.5,51.02,backfill,2026-09-24T02:11:34+00:00
2026,2,3,401856693,2026-09-20 00:00:00+00:00,Texas,UTSA,43.66,16.53,27.12,60.19,14.21,29.88,11.22,26.11,6.76,11.77,6.95,17.34,8.34,10.79,3.24,11.38,-29.75,-29.5,57.75,58.5,58.01,backfill,2026-09-24T02:11:34+00:00
2026,2,3,401862776,2026-09-20 00:00:00+00:00,Louisiana,UAB,34.0,23.96,10.04,57.96,3.82,30.11,4.67,28.18,1.23,12.35,2.07,17.38,2.35,11.76,0.41,14.34,-8.75,-7.0,58.0,55.5,62.17,backfill,2026-09-24T02:11:34+00:00
2026,2,3,401856795,2026-09-20 00:15:00+00:00,Colorado State,BYU,23.05,31.08,-8.03,54.14,-5.26,27.85,-4.98,24.97,-2.94,11.11,-1.61,15.69,-2.07,11.67,-0.31,13.71,19.5,17.5,52.25,54.5,52.1,backfill,2026-09-24T02:11:34+00:00
2026,2,3,401864574,2026-09-20 01:30:00+00:00,App State,Charlotte,34.65,17.3,17.35,51.96,9.11,26.15,8.07,23.75,4.47,9.37,4.95,13.93,5.01,9.09,1.53,12.69,-20.0,-16.0,52.0,52.5,48.48,backfill,2026-09-24T02:11:34+00:00
2026,2,3,401860887,2026-09-20 02:00:00+00:00,San Diego State,James Madison,26.21,21.06,5.15,47.27,2.97,23.05,2.48,20.75,0.38,7.46,0.93,13.19,0.86,8.91,-1.02,11.52,-2.0,-3.0,46.5,46.5,41.94,backfill,2026-09-24T02:11:34+00:00
2026,2,3,401856793,2026-09-20 02:30:00+00:00,Arizona,Northern Illinois,40.08,11.78,28.3,51.85,14.1,24.5,10.88,23.82,5.91,8.33,8.55,12.56,6.96,7.71,4.3,10.29,-35.0,-34.5,49.75,50.5,45.18,backfill,2026-09-24T02:11:34+00:00
2026,2,3,401864507,2026-09-20 02:30:00+00:00,Sacramento State,North Dakota State,18.22,34.86,-16.65,53.08,-8.87,26.0,-8.87,26.77,-3.72,9.55,-4.95,13.75,-4.69,8.78,-1.36,13.09,25.75,26.5,53.25,50.5,54.05,backfill,2026-09-24T02:11:34+00:00
2026,2,3,401858458,2026-09-20 03:00:00+00:00,UCLA,Purdue,37.26,20.47,16.79,57.74,10.1,29.83,7.63,27.0,4.78,12.02,5.01,17.66,3.4,11.0,0.71,14.19,-14.75,-13.5,53.25,52.5,58.78,backfill,2026-09-24T02:11:34+00:00
2026,2,3,401860888,2026-09-20 03:00:00+00:00,San José State,Fresno State,22.93,26.18,-3.25,49.11,-2.26,23.65,-0.72,23.36,-0.07,10.0,-0.38,14.1,-0.95,11.32,0.08,14.13,7.25,4.0,51.5,47.5,47.56,backfill,2026-09-24T02:11:34+00:00
2026,2,4,401869941,2026-09-24 23:30:00+00:00,Coastal Carolina,Liberty,25.35,28.65,-3.3,54.0,-1.49,27.01,-1.84,27.07,-1.44,12.24,0.42,14.67,-0.85,13.12,0.11,14.0,0.5,2.75,53.25,50.25,51.9,live,2026-09-24T02:10:17+00:00
2026,2,4,401862779,2026-09-25 20:00:00+00:00,Temple,Army,29.04,26.61,2.43,55.64,0.03,25.99,1.83,26.72,1.19,12.74,-0.43,14.74,0.83,13.13,0.0,13.93,3.0,3.0,49.25,47.75,55.76,live,2026-09-24T02:10:17+00:00
2026,2,4,401862778,2026-09-25 23:00:00+00:00,UAB,Navy,27.7,27.41,0.29,55.11,0.55,26.18,-0.48,25.42,-0.26,11.28,-0.13,14.81,-0.12,12.81,-0.04,14.25,9.25,7.0,52.5,51.5,53.37,live,2026-09-24T02:10:17+00:00
2026,2,4,401858461,2026-09-26 00:00:00+00:00,Indiana,Northwestern,32.25,12.18,20.06,44.43,11.29,21.73,9.47,21.72,5.72,7.54,6.86,12.67,5.03,8.65,4.45,9.35,-22.5,-21.0,48.75,49.5,43.58,live,2026-09-24T02:10:17+00:00
2026,2,4,401858234,2026-09-26 02:30:00+00:00,California,Clemson,25.76,27.84,-2.09,53.6,-1.38,24.52,-1.16,25.22,-1.38,10.81,0.07,14.08,-0.87,12.52,-0.88,13.09,0.0,-0.25,49.0,50.5,50.76,live,2026-09-24T02:10:17+00:00
2026,2,4,401858242,2026-09-26 16:00:00+00:00,Boston College,Virginia Tech,23.93,31.56,-7.63,55.49,-4.52,26.06,-3.08,25.96,-1.77,11.76,-1.19,15.05,-1.31,12.59,0.07,14.12,14.0,14.0,53.25,48.25,55.31,live,2026-09-24T02:10:17+00:00
2026,2,4,401856813,2026-09-26 16:00:00+00:00,Baylor,Colorado,32.35,20.01,12.34,52.36,7.09,25.79,5.17,23.5,4.39,10.31,3.04,13.67,3.9,10.04,0.85,13.19,-9.25,-10.0,54.25,55.5,49.27,live,2026-09-24T02:10:17+00:00
2026,2,4,401856704,2026-09-26 16:00:00+00:00,Tennessee,Texas,26.39,30.02,-3.63,56.41,-2.24,27.04,-0.86,28.66,-0.93,11.77,-0.89,15.1,-1.32,13.58,-0.05,14.24,5.0,4.5,56.25,55.75,56.78,live,2026-09-24T02:10:17+00:00
2026,2,4,401856805,2026-09-26 16:00:00+00:00,Texas Tech,Sam Houston,45.48,10.48,35.0,55.96,17.46,26.26,14.63,25.12,8.59,9.71,9.88,13.67,9.03,9.63,5.0,9.59,-36.5,-34.5,54.75,55.25,51.15,live,2026-09-24T02:10:17+00:00
2026,2,4,401858243,2026-09-26 16:00:00+00:00,Louisville,Wake Forest,34.41,24.21,10.2,58.61,5.8,28.78,4.53,27.37,1.75,11.98,2.46,16.27,0.8,13.04,0.3,14.29,-13.0,-12.5,58.25,58.5,61.49,live,2026-09-24T02:10:17+00:00
2026,2,4,401858465,2026-09-26 16:00:00+00:00,Ohio State,Illinois,41.04,14.15,26.89,55.19,14.46,27.53,11.02,26.85,7.98,11.82,9.11,15.35,8.6,9.66,2.39,11.73,-27.25,-26.75,54.25,53.75,53.46,live,2026-09-24T02:10:17+00:00
2026,2,4,401860893,2026-09-26 16:00:00+00:00,Toledo,San Diego State,27.29,23.89,3.4,51.18,2.94,24.27,4.04,22.9,2.38,10.29,-0.02,13.77,1.94,11.52,1.54,12.55,-0.5,-3.0,48.75,51.75,47.18,live,2026-09-24T02:10:17+00:00
2026,2,4,401866425,2026-09-26 16:00:00+00:00,Kent State,Ball State,27.96,25.52,2.44,53.47,0.77,26.16,0.63,27.85,0.64,13.28,0.54,13.28,0.38,13.65,0.23,13.87,-3.75,-3.25,50.5,50.75,58.84,live,2026-09-24T02:10:17+00:00
2026,2,4,401860896,2026-09-26 16:00:00+00:00,UTSA,Colorado State,36.48,20.93,15.56,57.41,8.35,28.06,7.21,26.56,3.28,10.64,4.28,16.23,3.36,10.55,0.46,13.95,-12.0,-13.5,57.5,58.25,57.49,live,2026-09-24T02:10:17+00:00
2026,2,4,401864512,2026-09-26 16:00:00+00:00,Akron,UNLV,20.96,29.3,-8.33,50.26,-5.08,24.18,-4.21,23.63,-3.15,9.46,-1.73,12.9,-3.28,10.57,-0.62,13.28,13.75,13.5,49.75,52.5,45.44,live,2026-09-24T02:10:17+00:00
2026,2,4,401864576,2026-09-26 16:45:00+00:00,Kentucky,South Alabama,33.42,20.64,12.78,54.05,7.6,27.7,5.62,25.53,3.12,10.72,2.59,15.82,4.24,9.83,0.5,13.46,-20.25,-20.5,55.25,54.5,56.8,live,2026-09-24T02:10:17+00:00
2026,2,4,401858462,2026-09-26 17:30:00+00:00,Maryland,UCLA,29.02,28.27,0.74,57.29,-0.76,28.89,-0.08,27.97,1.3,13.45,-0.34,14.55,0.17,13.92,-0.13,13.94,1.75,1.5,54.75,56.75,57.86,live,2026-09-24T02:10:17+00:00
2026,2,4,401858467,2026-09-26 18:00:00+00:00,Purdue,Notre Dame,17.73,43.34,-25.61,61.07,-16.23,32.48,-12.33,28.61,-7.44,13.34,-8.97,19.12,-8.24,12.69,-1.63,13.82,27.0,27.75,57.0,58.25,63.69,live,2026-09-24T02:10:17+00:00
2026,2,4,401864511,2026-09-26 18:00:00+00:00,Georgia State,Northern Illinois,32.95,23.64,9.31,56.59,6.33,28.31,4.43,26.65,2.26,12.13,2.43,15.82,2.64,11.67,0.49,13.5,-9.25,-10.5,54.75,55.75,56.49,live,2026-09-24T02:10:17+00:00
2026,2,4,401864510,2026-09-26 19:00:00+00:00,Wyoming,Hawai'i,24.73,23.83,0.89,48.56,-0.15,23.25,-1.22,22.34,0.23,7.78,0.02,13.72,0.22,10.11,0.39,13.88,4.25,3.0,45.25,44.5,42.73,live,2026-09-24T02:10:17+00:00
2026,2,4,401856699,2026-09-26 19:30:00+00:00,Florida,Ole Miss,34.93,30.88,4.05,65.82,1.55,33.47,0.88,31.68,0.03,14.16,-0.78,18.25,-0.12,13.65,0.19,14.55,-2.5,-3.25,59.25,58.75,68.54,live,2026-09-24T02:10:17+00:00
2026,2,4,401856700,2026-09-26 19:30:00+00:00,Georgia,Oklahoma,30.58,14.59,16.0,45.17,7.26,20.43,7.29,20.0,4.21,7.43,4.22,11.69,5.53,8.47,2.87,10.76,-12.0,-14.0,48.0,44.5,43.31,live,2026-09-24T02:10:17+00:00
2026,2,4,401856815,2026-09-26 19:30:00+00:00,UCF,TCU,23.0,21.91,1.09,44.91,0.33,21.43,0.34,21.1,-0.16,6.65,0.79,13.55,-0.53,8.69,0.07,12.46,3.0,3.0,50.0,48.5,40.38,live,2026-09-24T02:10:17+00:00
2026,2,4,401856816,2026-09-26 19:30:00+00:00,Iowa State,Utah,22.54,26.97,-4.42,49.51,-1.53,24.19,-3.02,24.32,-1.98,9.99,-0.15,14.56,-1.44,11.52,-0.87,13.15,10.0,8.25,49.25,48.5,48.35,live,2026-09-24T02:10:17+00:00
2026,2,4,401858463,2026-09-26 19:30:00+00:00,Michigan,Iowa,23.03,18.39,4.64,41.41,1.31,17.53,2.06,19.16,0.95,5.53,0.97,12.06,1.61,8.13,-0.25,10.52,-4.25,-5.5,38.5,38.5,39.59,live,2026-09-24T02:10:17+00:00
2026,2,4,401860897,2026-09-26 19:30:00+00:00,Western Michigan,Boise State,24.13,24.12,0.01,48.26,0.57,22.2,-0.44,21.7,0.57,8.75,0.4,13.42,0.17,10.87,-1.27,12.63,7.25,7.0,48.0,50.25,44.52,live,2026-09-24T02:10:17+00:00
2026,2,4,401861970,2026-09-26 19:30:00+00:00,Miami (OH),UConn,27.88,28.08,-0.19,55.96,-0.66,29.83,0.69,27.26,-0.1,13.64,-0.8,15.69,0.5,13.4,-0.25,14.3,-3.75,-3.5,50.75,51.5,62.97,live,2026-09-24T02:10:17+00:00
2026,2,4,401864579,2026-09-26 19:30:00+00:00,New Mexico State,New Mexico,19.92,30.09,-10.17,50.0,-6.01,23.57,-6.17,22.02,-4.38,8.42,-2.53,12.83,-4.09,9.78,-2.38,11.67,12.25,11.25,49.0,48.5,44.09,live,2026-09-24T02:10:17+00:00
2026,2,4,401856806,2026-09-26 20:00:00+00:00,Georgia Southern,Houston,23.37,33.05,-9.68,56.41,-5.72,26.32,-4.38,25.3,-2.66,11.78,-0.97,14.98,-2.43,11.76,0.22,13.82,18.75,18.5,55.25,56.5,53.73,live,2026-09-24T02:10:17+00:00
2026,2,4,401856698,2026-09-26 20:15:00+00:00,Auburn,Vanderbilt,29.57,25.95,3.62,55.51,3.23,27.21,0.66,26.7,1.67,12.63,0.03,14.61,0.68,13.3,0.02,14.03,-9.0,-9.5,52.5,55.25,57.75,live,2026-09-24T02:10:17+00:00
2026,2,4,401862785,2026-09-26 21:00:00+00:00,Bowling Green,South Florida,16.39,38.62,-22.24,55.01,-14.01,27.9,-8.94,24.86,-4.73,9.44,-7.69,13.92,-6.21,9.54,-2.36,11.82,16.5,17.5,50.5,48.5,54.42,live,2026-09-24T02:10:17+00:00
2026,2,4,401858464,2026-09-26 21:00:00+00:00,Michigan State,Nebraska,26.9,27.6,-0.7,54.5,1.06,25.63,-1.17,26.96,-0.6,11.44,0.29,14.04,-0.27,13.1,0.14,14.03,5.5,5.5,50.5,48.75,52.47,live,2026-09-24T02:10:17+00:00
2026,2,4,401858466,2026-09-26 21:00:00+00:00,Penn State,Wisconsin,32.31,13.27,19.04,45.59,9.1,23.45,7.29,21.96,5.25,8.63,6.06,13.2,5.45,7.9,3.0,11.07,-10.75,-10.0,44.5,44.75,44.77,live,2026-09-24T02:10:17+00:00
2026,2,4,401858239,2026-09-26 22:00:00+00:00,Virginia,Delaware,35.36,17.59,17.78,52.95,9.09,25.25,6.2,21.81,4.81,9.36,3.55,13.38,4.69,8.0,2.42,11.54,-20.25,-19.5,52.5,52.5,49.01,live,2026-09-24T02:10:17+00:00
2026,2,4,401869961,2026-09-26 22:00:00+00:00,Old Dominion,James Madison,21.86,27.85,-5.99,49.71,-3.13,24.35,-2.62,22.3,-3.06,8.6,-1.06,13.81,-2.25,10.06,-1.73,11.73,4.75,6.0,49.0,44.75,46.87,live,2026-09-24T02:10:17+00:00
2026,2,4,401858238,2026-09-26 22:30:00+00:00,Miami,Central Michigan,44.48,5.77,38.71,50.25,21.12,25.18,17.81,19.18,10.29,9.99,12.19,13.53,10.1,9.51,6.97,6.8,-40.75,-41.25,53.75,53.5,42.85,live,2026-09-24T02:10:17+00:00
2026,2,4,401862780,2026-09-26 22:30:00+00:00,Charlotte,Louisiana,23.64,27.17,-3.53,50.8,-1.28,22.96,-2.19,23.19,-1.46,10.15,-0.17,13.8,-1.54,11.46,-1.1,13.0,12.25,10.0,51.25,48.75,48.32,live,2026-09-24T02:10:17+00:00
2026,2,4,401856881,2026-09-26 23:00:00+00:00,West Virginia,Oklahoma State,31.54,22.93,8.61,54.47,6.42,27.07,4.52,24.06,2.74,11.22,2.22,16.73,2.8,11.04,0.22,13.87,0.5,-1.75,58.5,60.25,55.48,live,2026-09-24T02:10:17+00:00
2026,2,4,401856696,2026-09-26 23:00:00+00:00,Alabama,South Carolina,35.96,20.13,15.84,56.09,8.47,28.78,6.17,26.1,3.35,10.43,4.07,16.7,3.9,10.08,0.41,13.48,-12.25,-12.5,50.25,53.75,59.36,live,2026-09-24T02:10:17+00:00
2026,2,4,401856814,2026-09-26 23:00:00+00:00,Cincinnati,Kansas State,25.48,31.21,-5.73,56.69,-3.14,28.16,-3.6,27.02,-0.89,12.67,-0.71,14.6,-1.06,12.8,0.19,14.02,6.25,6.25,53.25,55.5,57.91,live,2026-09-24T02:10:17+00:00
2026,2,4,401862784,2026-09-26 23:00:00+00:00,Tulane,Southern Miss,35.18,16.74,18.45,51.92,9.73,26.39,7.17,23.11,5.02,9.49,6.1,13.65,5.07,8.86,2.53,11.44,-17.75,-18.25,53.0,52.5,47.13,live,2026-09-24T02:10:17+00:00
2026,2,4,401869931,2026-09-26 23:00:00+00:00,Arkansas State,Kennesaw State,32.36,22.19,10.17,54.55,6.08,23.96,4.63,23.04,3.64,9.96,0.85,13.64,3.48,10.95,0.14,13.87,-4.75,-6.25,53.5,52.5,49.14,live,2026-09-24T02:10:17+00:00
2026,2,4,401871048,2026-09-26 23:00:00+00:00,Jacksonville State,Middle Tennessee,27.59,25.78,1.8,53.37,2.1,25.65,2.04,25.8,1.44,12.42,0.02,14.3,0.54,12.94,-0.11,14.1,-9.0,-7.0,53.25,51.5,52.41,live,2026-09-24T02:10:17+00:00
2026,2,4,401856702,2026-09-26 23:30:00+00:00,LSU,Texas A&M,27.39,24.62,2.77,52.01,3.09,25.37,1.66,25.28,1.36,10.63,0.23,14.52,0.72,12.6,0.72,13.49,-6.25,-8.5,55.0,51.5,53.73,live,2026-09-24T02:10:17+00:00
2026,2,4,401858469,2026-09-26 23:30:00+00:00,USC,Oregon,34.95,27.72,7.22,62.67,3.38,31.89,1.69,30.88,0.53,13.47,2.23,17.59,-0.62,13.89,0.32,14.59,4.0,3.0,60.25,62.5,68.36,live,2026-09-24T02:10:17+00:00
2026,2,4,401864572,2026-09-26 23:30:00+00:00,NC State,App State,34.57,20.54,14.03,55.11,6.42,27.22,5.5,25.33,4.62,9.76,2.37,15.73,4.18,9.94,0.11,14.06,-13.75,-14.0,55.25,55.25,54.84,live,2026-09-24T02:10:17+00:00
2026,2,4,401860894,2026-09-26 23:30:00+00:00,Utah State,Troy,28.05,20.91,7.14,48.96,3.46,23.86,3.34,23.09,2.82,9.54,1.52,12.43,3.5,9.59,1.55,12.01,-2.5,-3.0,50.75,47.5,42.54,live,2026-09-24T02:10:17+00:00
2026,2,4,401856804,2026-09-26 23:30:00+00:00,Washington State,Arizona,21.98,25.59,-3.61,47.57,-0.87,22.71,-1.27,25.14,-1.93,8.87,-0.43,13.54,-1.74,10.9,-0.17,13.7,11.75,10.0,48.0,48.75,43.85,live,2026-09-24T02:10:17+00:00
2026,2,4,401856703,2026-09-26 23:45:00+00:00,Mississippi State,Missouri,32.69,24.52,8.17,57.21,5.27,29.7,4.05,27.52,1.99,11.74,2.26,17.11,1.14,13.04,0.87,13.75,-3.75,-6.5,57.25,58.5,60.65,live,2026-09-24T02:10:17+00:00
2026,2,4,401856697,2026-09-27 00:00:00+00:00,Arkansas,Tulsa,30.56,21.95,8.61,52.52,5.05,26.58,3.48,23.89,2.79,11.32,0.95,14.51,1.7,12.12,0.3,14.03,-7.75,-7.0,52.75,50.5,52.89,live,2026-09-24T02:10:17+00:00
2026,2,4,401862782,2026-09-27 00:00:00+00:00,UL Monroe,Florida Atlantic,26.41,30.82,-4.41,57.23,-2.65,28.65,-1.12,28.45,-0.13,13.74,-1.18,14.95,-0.26,13.98,-0.02,13.92,13.5,13.5,58.25,57.25,59.43,live,2026-09-24T02:10:17+00:00
2026,2,4,401858241,2026-09-27 01:00:00+00:00,SMU,Missouri State,43.14,13.13,30.01,56.27,18.03,28.62,12.97,24.44,8.34,10.9,9.46,15.66,8.24,9.62,3.85,11.39,-34.75,-34.75,58.75,59.75,53.86,live,2026-09-24T02:10:17+00:00
2026,2,4,401860895,2026-09-27 01:00:00+00:00,UTEP,Oregon State,24.36,30.34,-5.98,54.7,-4.52,27.56,-3.55,25.61,-0.64,13.05,-1.37,14.95,-0.98,13.31,-0.22,13.32,11.75,10.5,54.75,55.5,60.46,live,2026-09-24T02:10:17+00:00
2026,2,4,401866429,2026-09-27 01:00:00+00:00,Sacramento State,Massachusetts,26.13,26.77,-0.65,52.9,0.72,23.2,-0.42,26.2,-0.33,11.3,0.21,13.24,-0.25,12.24,0.05,14.06,6.0,3.75,49.5,48.75,49.86,live,2026-09-24T02:10:17+00:00
2026,2,4,401860891,2026-09-27 02:00:00+00:00,Fresno State,Rice,33.17,13.68,19.49,46.85,11.98,23.92,7.46,20.94,5.95,7.75,6.45,12.84,5.99,8.01,3.58,10.09,-13.75,-13.5,44.0,44.25,42.94,live,2026-09-24T02:10:17+00:00
2026,2,4,401858240,2026-09-27 02:30:00+00:00,Stanford,Georgia Tech,25.98,26.59,-0.61,52.57,-0.21,23.65,-0.34,25.03,-0.31,11.23,-0.15,14.23,-0.2,13.11,-0.01,13.91,4.0,3.5,48.25,48.25,51.04,live,2026-09-24T02:10:17+00:00
2026,2,4,401864509,2026-09-27 02:30:00+00:00,Nevada,Air Force,31.21,25.61,5.6,56.82,3.11,26.81,4.51,28.08,1.01,12.08,0.72,14.6,1.17,12.35,0.17,13.72,4.25,5.5,48.75,49.5,59.84,live,2026-09-24T02:10:17+00:00
2026,2,4,401858470,2026-09-27 03:00:00+00:00,Washington,Minnesota,28.22,15.46,12.76,43.67,6.82,19.44,5.9,20.9,4.25,7.71,3.85,10.86,4.67,8.14,3.46,10.63,-9.25,-10.0,44.75,45.75,39.09,live,2026-09-24T02:10:17+00:00
